VCU_480_BC.0176959.O-1;SE.0176964.G-1;SE.0176965.F-1;SE.0176966.E-1;SE.0177052.G-1;SE.0189146.B-1
VCU_481_BC.0223834.G-1;SE.0223837.C-1;SE.0224363.B-1;SE.0224537.C-1;SE.0177052.G-1;SE.0189146.B-1
FBO_8_EVO_BC.0217102.M-1;SE.0217103.J-1;;;;
FBO_6_EVO2_BC.0225190.D-1;SE.0225191.D-1;;;;
REX_140_BC.0164033.O-1;SE.0166402.I-1;SE.0166401.K-1;;;
REX_120_BC.0192761.Q-1;SE.0166401.K-1-TOT;SE.0192765.G-1-TOT;;;
MLS_321_BC.0194959.J-1;SE.0180687.G-1;SE.0180688.K-1;SE.0182252.F-1;;
MDU_232_BC.0171367.M-1;SE.0171363.I-1;;;;
SRG_341_4_BC.0178945.L-1;SE.0157182.I-1;SE.0178949.E-1;SE.0208173.A-1;;
MLE_340_BC.0162500.Q-1;SE.0162613.H-1;SE.0162615.F-1;SE.0165197.J-1;SE.0200054.C-1;
MLE 341_BC.0197662.M-1;SE.0162613.H-1;SE.0162615.F-1;SE.0165197.J-1;SE.0197859.F-1;
